title,author,category,copies,open_library_url,cover_url
Amulet,Kazu Kibuishi,Comics,3,https://openlibrary.org/works/OL8842598W,https://covers.openlibrary.org/b/id/2420582-M.jpg
Batman,"Craig Shaw Gardner, Warren Skaaren, Bob Kane",Comics,1,https://openlibrary.org/works/OL2756365W,https://covers.openlibrary.org/b/id/6385028-M.jpg
Cat Kid Comic Club,Dav Pilkey,Comics,5,https://openlibrary.org/works/OL19659659W,https://covers.openlibrary.org/b/id/14424590-M.jpg
Dragman,Steven Appleby,Comics,6,https://openlibrary.org/works/OL20666248W,https://covers.openlibrary.org/b/id/9333751-M.jpg
Gender Queer,Maia Kobabe,Comics,2,https://openlibrary.org/works/OL21337755W,https://covers.openlibrary.org/b/id/15254604-M.jpg
"It's the Great Pumpkin, Charlie Brown","Charles M. Schulz, Lee Mendelson, Maggie Testa",Comics,0,https://openlibrary.org/works/OL25886W,https://covers.openlibrary.org/b/id/9316433-M.jpg
Phoebe and Her Unicorn,Dana Simpson,Comics,4,https://openlibrary.org/works/OL17623120W,https://covers.openlibrary.org/b/id/7900566-M.jpg
Roller Girl,Victoria Jamieson,Comics,2,https://openlibrary.org/works/OL17342469W,https://covers.openlibrary.org/b/id/11327078-M.jpg
Understanding Comics,Scott McCloud,Comics,7,https://openlibrary.org/works/OL276032W,https://covers.openlibrary.org/b/id/10679940-M.jpg
When Stars Are Scattered,Victoria Jamieson,Comics,8,https://openlibrary.org/works/OL20757578W,https://covers.openlibrary.org/b/id/15089658-M.jpg
Astérix aux Jeux Olympiques,"René Goscinny, Albert Uderzo",Graphic Novels,3,https://openlibrary.org/works/OL267607W,https://covers.openlibrary.org/b/id/12328914-M.jpg
Astérix chez les Bretons,"René Goscinny, Albert Uderzo",Graphic Novels,6,https://openlibrary.org/works/OL267617W,https://covers.openlibrary.org/b/id/499633-M.jpg
Astérix et Cléopâtre,"René Goscinny, Albert Uderzo",Graphic Novels,2,https://openlibrary.org/works/OL267610W,https://covers.openlibrary.org/b/id/499621-M.jpg
Astérix et les Normands,"René Goscinny, Albert Uderzo",Graphic Novels,5,https://openlibrary.org/works/OL267613W,https://covers.openlibrary.org/b/id/13125359-M.jpg
Astérix le Gaulois,"René Goscinny, Albert Uderzo",Graphic Novels,4,https://openlibrary.org/works/OL267622W,https://covers.openlibrary.org/b/id/962725-M.jpg
Le Tour de Gaule d'Astérix,"René Goscinny, Albert Uderzo",Graphic Novels,2,https://openlibrary.org/works/OL267624W,https://covers.openlibrary.org/b/id/10545735-M.jpg
Le lotus bleu,Hergé,Graphic Novels,0,https://openlibrary.org/works/OL151051W,https://covers.openlibrary.org/b/id/755245-M.jpg
Les 7 boules de cristal,Hergé,Graphic Novels,8,https://openlibrary.org/works/OL151078W,https://covers.openlibrary.org/b/id/8685043-M.jpg
Les cigares du pharaon,Hergé,Graphic Novels,7,https://openlibrary.org/works/OL151056W,https://covers.openlibrary.org/b/id/3325898-M.jpg
Maus I,Art Spiegelman,Graphic Novels,1,https://openlibrary.org/works/OL2056818W,https://covers.openlibrary.org/b/id/10210168-M.jpg
A Tale of Two Cities,Charles Dickens,Literature,8,https://openlibrary.org/works/OL8193465W,https://covers.openlibrary.org/b/id/13301713-M.jpg
Adventures of Huckleberry Finn,Mark Twain,Literature,0,https://openlibrary.org/works/OL53908W,https://covers.openlibrary.org/b/id/8157718-M.jpg
Dracula,Bram Stoker,Literature,4,https://openlibrary.org/works/OL85892W,https://covers.openlibrary.org/b/id/12216503-M.jpg
"Frankenstein; or, The Modern Prometheus",Mary Shelley,Literature,2,https://openlibrary.org/works/OL450063W,https://covers.openlibrary.org/b/id/12356249-M.jpg
Hamlet,William Shakespeare,Literature,3,https://openlibrary.org/works/OL9170454W,https://covers.openlibrary.org/b/id/8281954-M.jpg
Little Women,Louisa May Alcott,Literature,2,https://openlibrary.org/works/OL29983W,https://covers.openlibrary.org/b/id/8775559-M.jpg
Macbeth,William Shakespeare,Literature,7,https://openlibrary.org/works/OL258902W,https://covers.openlibrary.org/b/id/872432-M.jpg
Oliver Twist,Charles Dickens,Literature,6,https://openlibrary.org/works/OL8193478W,https://covers.openlibrary.org/b/id/13300802-M.jpg
Sense and Sensibility,Jane Austen,Literature,5,https://openlibrary.org/works/OL66562W,https://covers.openlibrary.org/b/id/9278292-M.jpg
Treasure Island,Robert Louis Stevenson,Literature,1,https://openlibrary.org/works/OL24034W,https://covers.openlibrary.org/b/id/13859660-M.jpg
"Analog Science Fiction and Fact, March 1989","Harry Turtledove, Charles Sheffield, Michael Flynn",Magazines,3,https://openlibrary.org/works/OL24313606W,https://covers.openlibrary.org/b/id/10830639-M.jpg
Apex Magazine May 2018,"Cherie Priest, Matthew Sanborn Smith, Nisi Shawl",Magazines,2,https://openlibrary.org/works/OL19914271W,https://covers.openlibrary.org/b/id/8738378-M.jpg
"Clarkesworld Magazine, Issue 90, March 2014","Neil Clarke, Seth Dickinson, Thoraiya Dyer",Magazines,0,https://openlibrary.org/works/OL20321810W,https://covers.openlibrary.org/b/id/8983545-M.jpg
"Discovery Girls, January 2007 Issue",Discovery Girls Inc,Magazines,1,https://openlibrary.org/works/OL9879446W,https://covers.openlibrary.org/b/id/2933629-M.jpg
Galaxy's Edge Magazine,"Heidi Ruby Miller, Eric Flint, Laurie Tom",Magazines,6,https://openlibrary.org/works/OL19910865W,https://covers.openlibrary.org/b/id/8734262-M.jpg
Gilbert Magazine,Dale Alquist,Magazines,4,https://openlibrary.org/works/OL42472009W,https://covers.openlibrary.org/b/id/14839936-M.jpg
Imagi-Movies,Cinefantastique,Magazines,5,https://openlibrary.org/works/OL17806219W,https://covers.openlibrary.org/b/id/8091990-M.jpg
ONE PIECE Magazine 1,"尾田栄一郎, Shueisha",Magazines,8,https://openlibrary.org/works/OL24142686W,https://covers.openlibrary.org/b/id/10540359-M.jpg
Portland Review Spring 2017,"David Naimon (interviewer), Joanna Klink, Margaret Malone",Magazines,2,https://openlibrary.org/works/OL20209121W,https://covers.openlibrary.org/b/id/8859718-M.jpg
Reader's Digest March 1941,Various Authors (edited by Readers Digest),Magazines,7,https://openlibrary.org/works/OL20239868W,https://covers.openlibrary.org/b/id/8894513-M.jpg
Bleach―ブリーチ― 11,Tite Kubo,Manga,0,https://openlibrary.org/works/OL8756227W,https://covers.openlibrary.org/b/id/764974-M.jpg
"Death Note, Vol. 8","Tsugumi Ohba, Takeshi Obata",Manga,2,https://openlibrary.org/works/OL8756324W,https://covers.openlibrary.org/b/id/765240-M.jpg
Hi no tori,Osamu Tezuka,Manga,1,https://openlibrary.org/works/OL5769568W,https://covers.openlibrary.org/b/id/813877-M.jpg
Naruto 16,Masashi Kishimoto,Manga,7,https://openlibrary.org/works/OL8756038W,https://covers.openlibrary.org/b/id/5274604-M.jpg
"Tensei shitara Slime Datta Ken, Vol. 01","Taiki Kawakami, 伏瀬, みっつばー",Manga,6,https://openlibrary.org/works/OL19723098W,https://covers.openlibrary.org/b/id/11887748-M.jpg
The Kurosagi corpse delivery service,"Eiji Ōtsuka, Eiji Ohtsuka, Housui Yamazaki",Manga,4,https://openlibrary.org/works/OL11766231W,https://covers.openlibrary.org/b/id/869510-M.jpg
Twin star exorcists,Yoshiaki Sukeno,Manga,5,https://openlibrary.org/works/OL19719004W,https://covers.openlibrary.org/b/id/13437537-M.jpg
W Juliet,Emura.,Manga,3,https://openlibrary.org/works/OL13738065W,https://covers.openlibrary.org/b/id/8136106-M.jpg
新世紀エヴァンゲリオン 8,Yoshiyuki Sadamoto,Manga,2,https://openlibrary.org/works/OL8755973W,https://covers.openlibrary.org/b/id/813555-M.jpg
犬夜叉 1,高橋留美子,Manga,6,https://openlibrary.org/works/OL8211773W,https://covers.openlibrary.org/b/id/991998-M.jpg
Normal People,Sally Rooney,Novels,2,https://openlibrary.org/works/OL20150260W,https://covers.openlibrary.org/b/id/8794265-M.jpg
"Shadow Slave, Book 1",Guiltythree,Novels,11,https://openlibrary.org/works/OL44980028W,https://covers.openlibrary.org/b/id/15173101-M.jpg
Snow Crash,Neal Stephenson,Novels,4,https://openlibrary.org/works/OL38501W,https://covers.openlibrary.org/b/id/392508-M.jpg
The Bluest Eye,Toni Morrison,Novels,8,https://openlibrary.org/works/OL50565W,https://covers.openlibrary.org/b/id/15152696-M.jpg
The Help,"Kathryn Stockett, Álvaro Abella Villar, Alvaro Abella",Novels,5,https://openlibrary.org/works/OL11999891W,https://covers.openlibrary.org/b/id/8387264-M.jpg
The Hunger Games,Suzanne Collins,Novels,6,https://openlibrary.org/works/OL5735363W,https://covers.openlibrary.org/b/id/12646537-M.jpg
The Lord of the Rings,J.R.R. Tolkien,Novels,6,https://openlibrary.org/works/OL27448W,https://covers.openlibrary.org/b/id/14625765-M.jpg
The Passage,Justin Cronin,Novels,1,https://openlibrary.org/works/OL15168588W,https://covers.openlibrary.org/b/id/8261369-M.jpg
The Road,Cormac McCarthy,Novels,2,https://openlibrary.org/works/OL40873W,https://covers.openlibrary.org/b/id/198120-M.jpg
To Kill a Mockingbird,Harper Lee,Novels,1,https://openlibrary.org/works/OL3140822W,https://covers.openlibrary.org/b/id/14351077-M.jpg
